t,u,y,r
16107,0.0,0.0,0.0
65503,99.99996185302734,-6.03960657119751,568.70166015625
48286,200.0,-5.220228672027588,568.70166015625
72224,300.0000305175781,25.16101837158203,568.70166015625
80364,382.6185302734375,84.05775451660156,568.70166015625
41050,355.2335205078125,170.20799255371094,568.70166015625
41064,330.77593994140625,277.0210876464844,568.70166015625
41032,310.0530700683594,370.5432434082031,568.70166015625
41067,293.44061279296875,451.2411804199219,568.70166015625
43846,218.30389404296875,519.9459228515625,568.70166015625
34559,118.30389404296875,577.7036743164062,568.70166015625
57666,108.02935791015625,607.1314697265625,568.70166015625
41066,118.42588806152344,601.5157470703125,568.70166015625
41116,130.55606079101562,588.5039672851562,568.70166015625
43867,149.36758422851562,574.6634521484375,568.70166015625
22312,184.94961547851562,560.7899780273438,568.70166015625
22322,207.50332641601562,549.112548828125,568.70166015625
22314,223.34561157226562,544.7562866210938,568.70166015625
22319,235.83731079101562,543.8309326171875,568.70166015625
22320,246.69375610351562,544.3806762695312,568.70166015625
22342,256.7220764160156,545.4774780273438,568.70166015625
34252,156.72207641601562,546.7166137695312,222.3802490234375
42799,56.722068786621094,547.9382934570312,222.3802490234375
80688,51.65550994873047,516.7056884765625,222.3802490234375
41080,76.61395263671875,454.24188232421875,222.3802490234375
41113,99.54084777832031,390.0630187988281,222.3802490234375
41135,119.96297454833984,333.7172546386719,222.3802490234375
41043,137.66336059570312,284.9364318847656,222.3802490234375
43886,179.09695434570312,243.23501586914062,222.3802490234375
22322,267.8918762207031,207.99868774414062,222.3802490234375
22366,286.2793273925781,186.37960815429688,222.3802490234375
22312,280.6411437988281,192.19577026367188,222.3802490234375
22295,269.8301086425781,203.8424530029297,222.3802490234375
22308,260.2903137207031,213.94375610351562,222.3802490234375
22252,253.43399047851562,220.90798950195312,222.3802490234375
22228,248.94955444335938,225.12123107910156,222.3802490234375
21514,246.14398193359375,227.4035186767578,222.3802490234375
21516,244.38766479492188,228.4797821044922,222.3802490234375
22298,243.24627685546875,228.86257934570312,222.3802490234375
21570,242.44064331054688,228.87152099609375,222.3802490234375
21571,241.81521606445312,228.69305419921875,222.3802490234375
66857,141.81533813476562,228.42796325683594,-892.6168212890625
48289,41.81529235839844,228.12933349609375,-892.6168212890625
48271,-58.18475341796875,198.421875,-892.6168212890625
48284,-158.18479919433594,140.3365020751953,-892.6168212890625
72281,-258.1848449707031,55.11933898925781,-892.6168212890625
42793,-358.1848449707031,-55.7929573059082,-892.6168212890625
80342,-363.6892395019531,-190.79818725585938,-892.6168212890625
41127,-326.7238464355469,-348.15380859375,-892.6168212890625
41074,-296.20361328125,-498.070068359375,-892.6168212890625
41105,-272.5677185058594,-627.0260620117188,-892.6168212890625
41097,-255.79849243164062,-736.53857421875,-892.6168212890625
56066,-155.79849243164062,-828.4166870117188,-892.6168212890625
79948,-72.19611358642578,-904.596923828125,-892.6168212890625
41042,-85.6491928100586,-940.4898681640625,-892.6168212890625
41074,-102.93770599365234,-941.9707641601562,-892.6168212890625
41068,-122.86127471923828,-938.9070434570312,-892.6168212890625
41075,-144.470947265625,-932.8573608398438,-892.6168212890625
41119,-167.02749633789062,-925.000732421875,-892.6168212890625
41077,-189.965576171875,-916.2102661132812,-892.6168212890625
41070,-212.86172485351562,-907.1149291992188,-892.6168212890625
41116,-176.82232666015625,-898.15234375,-793.6912231445312
41097,-202.99105834960938,-889.6116943359375,-793.6912231445312
41123,-228.27011108398438,-864.3525390625,-793.6912231445312
41117,-252.35523986816406,-841.6320190429688,-793.6912231445312
41120,-275.0712585449219,-821.513427734375,-793.6912231445312
41129,-296.33843994140625,-803.9325561523438,-793.6912231445312
41123,-316.14599609375,-788.7410888671875,-793.6912231445312
41144,-334.53094482421875,-775.7391967773438,-793.6912231445312
43970,-385.07293701171875,-764.7001953125,-793.6912231445312
22410,-409.82342529296875,-755.3884887695312,-793.6912231445312
22397,-421.79949951171875,-757.4773559570312,-793.6912231445312
22402,-430.16668701171875,-763.1489868164062,-793.6912231445312
22359,-438.26385498046875,-768.6038818359375,-793.6912231445312
22361,-446.97332763671875,-772.8511352539062,-793.6912231445312
22360,-456.28875732421875,-775.9212036132812,-793.6912231445312
22363,-465.96649169921875,-778.1123046875,-793.6912231445312
22358,-475.77410888671875,-779.7180786132812,-793.6912231445312
22371,-485.52752685546875,-780.9544067382812,-793.6912231445312
22372,-495.12860107421875,-781.9630737304688,-793.6912231445312
22382,-504.50897216796875,-782.82666015625,-793.6912231445312
66609,-404.5091552734375,-783.5947265625,775.2434692382812
48315,-304.50909423828125,-784.2933349609375,775.2434692382812
48308,-204.50904846191406,-752.6790771484375,775.2434692382812
48394,-104.50900268554688,-689.9703369140625,775.2434692382812
48304,-4.5089569091796875,-597.6163940429688,775.2434692382812
48283,95.4910888671875,-477.26947021484375,775.2434692382812
72272,195.49110412597656,-330.75701904296875,775.2434692382812
80433,203.63748168945312,-160.05392456054688,775.2434692382812
41133,152.1719512939453,32.74541473388672,775.2434692382812
41127,109.23858642578125,218.30325317382812,775.2434692382812
41062,75.26429748535156,377.70013427734375,775.2434692382812
41076,50.135948181152344,512.9367065429688,775.2434692382812
41058,33.377586364746094,626.3402099609375,775.2434692382812
56097,-66.6224136352539,720.3677368164062,775.2434692382812
79988,-147.04217529296875,797.466064453125,775.2434692382812
41060,-131.04949951171875,833.1056518554688,775.2434692382812
41076,-110.83654022216797,834.1730346679688,775.2434692382812
41078,-87.75050354003906,830.389892578125,775.2434692382812
41083,-62.852684020996094,823.4779052734375,775.2434692382812
41052,-36.96626281738281,814.731689453125,775.2434692382812
41091,6.301544189453125,805.1021728515625,803.9816284179688
41064,31.228271484375,795.2679443359375,803.9816284179688
41065,55.76374053955078,790.72509765625,803.9816284179688
41051,79.7342758178711,786.2076416015625,803.9816284179688
41096,103.02056121826172,781.884033203125,803.9816284179688
41096,125.54598236083984,777.8558959960938,803.9816284179688
41095,147.26681518554688,774.1752319335938,803.9816284179688
41105,168.16412353515625,770.8585205078125,803.9816284179688
41111,188.2373046875,767.897216796875,803.9816284179688
43887,210.8369140625,765.2666625976562,803.9816284179688
22364,241.9140625,762.93212890625,803.9816284179688
22362,262.4169921875,761.8404541015625,803.9816284179688
22358,278.88525390625,764.6549072265625,803.9816284179688
22354,294.02001953125,768.2965087890625,803.9816284179688
22350,308.77880859375,771.6879272460938,803.9816284179688
22341,323.40185546875,774.5763549804688,803.9816284179688
22341,337.88916015625,776.9988403320312,803.9816284179688
22348,352.14013671875,779.0619506835938,803.9816284179688
22369,366.10595703125,780.8682861328125,803.9816284179688
22385,379.72607421875,782.4859008789062,803.9816284179688
22370,402.2001953125,783.964111328125,806.8462524414062
22385,408.64111328125,785.329833984375,806.8462524414062
22369,418.8408203125,789.32568359375,806.8462524414062
22378,430.4169921875,791.2384643554688,806.8462524414062
22340,442.2666015625,792.3443603515625,806.8462524414062
22347,453.91748046875,793.185546875,806.8462524414062
22328,465.224609375,793.9622192382812,806.8462524414062
22336,476.1484375,794.7269287109375,806.8462524414062
22334,486.69287109375,795.4842529296875,806.8462524414062
22357,496.88427734375,796.2236328125,806.8462524414062
22353,506.7451171875,796.9327392578125,806.8462524414062
22369,516.283203125,797.6043701171875,806.8462524414062
22356,525.53076171875,798.2353515625,806.8462524414062
22362,534.486328125,798.8220825195312,806.8462524414062
22345,543.15185546875,799.3681640625,806.8462524414062
22344,551.55859375,799.8739624023438,806.8462524414062
22372,559.7021484375,800.3380737304688,806.8462524414062
22346,567.59228515625,800.7659301757812,806.8462524414062
22346,575.2265625,801.1593017578125,806.8462524414062
22345,582.630859375,801.5203247070312,806.8462524414062
34531,482.630859375,801.848388671875,587.878173828125
80317,420.97100830078125,802.1482543945312,587.878173828125
41116,439.45379638671875,770.7427978515625,587.878173828125
41123,456.88067626953125,720.146240234375,587.878173828125
41110,472.74395751953125,675.05810546875,587.878173828125
41122,486.762451171875,635.4620971679688,587.878173828125
43818,561.948974609375,601.129150390625,587.878173828125
22282,604.9931640625,571.6942749023438,587.878173828125
22317,610.804443359375,565.3742065429688,587.878173828125
22294,605.1295166015625,572.1124267578125,587.878173828125
22260,597.9249267578125,580.494873046875,587.878173828125
21535,592.2756958007812,587.0056762695312,587.878173828125
22248,588.602294921875,591.1834106445312,587.878173828125
22343,586.501708984375,593.513427734375,587.878173828125
22311,585.44775390625,594.6099243164062,587.878173828125
21591,585.030517578125,594.96337890625,587.878173828125
21602,584.9490356445312,594.9027099609375,587.878173828125
21618,585.057861328125,594.6304931640625,587.878173828125
21624,585.241455078125,594.2569580078125,587.878173828125
21623,585.4495239257812,593.8470458984375,587.878173828125
65868,485.44952392578125,593.4300537109375,238.32794189453125
121742,385.44952392578125,593.0194702148438,238.32794189453125
80278,316.09320068359375,563.0004272460938,238.32794189453125
40965,335.5225830078125,504.41845703125,238.32794189453125
41072,353.1318054199219,427.5932922363281,238.32794189453125
41101,368.2735595703125,359.9039001464844,238.32794189453125
43869,389.4317626953125,301.1250915527344,238.32794189453125
34537,489.4317626953125,250.7493896484375,238.32794189453125
57665,564.5386352539062,210.7012176513672,238.32794189453125
43874,542.7066040039062,204.2775421142578,238.32794189453125
22384,516.8091430664062,223.1941375732422,238.32794189453125
22350,495.66754150390625,237.86610412597656,238.32794189453125
22330,479.52838134765625,246.9849090576172,238.32794189453125
22295,467.22100830078125,251.9401397705078,238.32794189453125
22301,457.46783447265625,254.19984436035156,238.32794189453125
22293,449.33380126953125,254.875244140625,238.32794189453125
22290,442.16778564453125,254.68765258789062,238.32794189453125
22286,435.58648681640625,254.0731658935547,238.32794189453125
22301,429.40850830078125,253.26988220214844,238.32794189453125
22296,423.48150634765625,252.39990234375,238.32794189453125
34661,499.8693542480469,251.5309600830078,267.6274108886719
43918,449.0841979980469,250.68568420410156,267.6274108886719
22241,414.7248229980469,274.14483642578125,267.6274108886719
22308,401.5173034667969,283.4153137207031,267.6274108886719
22303,396.3904724121094,283.59625244140625,267.6274108886719
22314,393.7428894042969,281.1343078613281,267.6274108886719
22302,391.4612731933594,278.4677429199219,267.6274108886719
22302,388.8816833496094,276.3175048828125,267.6274108886719
22298,385.9366149902344,274.7568054199219,267.6274108886719
22303,382.7454528808594,273.6562805175781,267.6274108886719
22304,379.4167175292969,272.8667297363281,267.6274108886719
22298,376.0528259277344,272.27642822265625,267.6274108886719
22302,372.7153015136719,271.8078918457031,267.6274108886719
22300,369.4224548339844,271.4158630371094,267.6274108886719
22299,366.2177429199219,271.0748596191406,267.6274108886719
22349,363.1039733886719,270.76611328125,267.6274108886719
22313,360.0706481933594,270.48480224609375,267.6274108886719
22290,357.1313171386719,270.2278747558594,267.6274108886719
22297,354.2870788574219,269.989990234375,267.6274108886719
22296,351.5175476074219,269.77069091796875,267.6274108886719
34510,251.51754760742188,269.5706481933594,92.74529266357422
74558,151.51754760742188,269.38519287109375,92.74529266357422
68966,160.78143310546875,240.44805908203125,92.74529266357422
41085,172.04232788085938,183.74447631835938,92.74529266357422
43811,248.63900756835938,132.76882934570312,92.74529266357422
22315,314.7837829589844,88.3620376586914,92.74529266357422
22325,324.1241149902344,69.99400329589844,92.74529266357422
22324,314.1084899902344,73.97982788085938,92.74529266357422
22355,299.9849548339844,82.8297119140625,92.74529266357422
22335,286.9976501464844,90.54373931884766,92.74529266357422
22331,276.2937927246094,95.80184936523438,92.74529266357422
22329,267.6377868652344,98.89498138427734,92.74529266357422
22325,260.4873962402344,100.46820831298828,92.74529266357422
22341,254.32601928710938,101.09632110595703,92.74529266357422
22344,248.80526733398438,101.18936920166016,92.74529266357422
22348,243.70443725585938,101.00059509277344,92.74529266357422
22322,238.88388061523438,100.67786407470703,92.74529266357422
22326,234.26986694335938,100.30268859863281,92.74529266357422
22323,229.82577514648438,99.9151382446289,92.74529266357422
22323,225.53500366210938,99.53399658203125,92.74529266357422
34550,125.53500366210938,99.16807556152344,-183.57017517089844
42799,25.53498077392578,98.8222427368164,-183.57017517089844
80332,-34.517024993896484,70.16641998291016,-183.57017517089844
41103,-19.85842514038086,14.157354354858398,-183.57017517089844
41126,-6.859706878662109,-56.230411529541016,-183.57017517089844
43928,30.00845718383789,-117.9756088256836,-183.57017517089844
34580,130.00845336914062,-171.33123779296875,-183.57017517089844
57729,182.97445678710938,-209.08680725097656,-183.57017517089844
43897,164.74496459960938,-212.7659912109375,-183.57017517089844
22343,140.40609741210938,-197.2505340576172,-183.57017517089844
22427,119.35971069335938,-184.33973693847656,-183.57017517089844
22346,102.52133178710938,-175.98974609375,-183.57017517089844
22349,89.10336303710938,-171.27877807617188,-183.57017517089844
22349,78.07308959960938,-169.00083923339844,-183.57017517089844
22357,68.58505249023438,-168.1885986328125,-183.57017517089844
22373,60.072357177734375,-168.1889190673828,-183.57017517089844
22343,52.184906005859375,-168.60557556152344,-183.57017517089844
22329,44.721038818359375,-169.21400451660156,-183.57017517089844
22327,37.572845458984375,-169.89488220214844,-183.57017517089844
22313,30.676361083984375,-170.58865356445312,-183.57017517089844
66561,-69.3235855102539,-171.26690673828125,-769.1296997070312
48299,-169.32363891601562,-171.91891479492188,-769.1296997070312
72300,-269.32366943359375,-200.12716674804688,-769.1296997070312
42839,-369.32366943359375,-254.98318481445312,-769.1296997070312
80376,-393.37451171875,-335.3728942871094,-769.1296997070312
41135,-371.41961669921875,-439.99951171875,-769.1296997070312
41102,-353.11749267578125,-544.9569702148438,-769.1296997070312
41117,-338.9970397949219,-635.8424682617188,-769.1296997070312
56077,-238.99703979492188,-713.4609985351562,-769.1296997070312
79698,-154.56520080566406,-778.8909301757812,-769.1296997070312
41116,-165.3069610595703,-806.685546875,-769.1296997070312
41108,-178.80380249023438,-802.3989868164062,-769.1296997070312
41159,-194.12265014648438,-795.254638671875,-769.1296997070312
41128,-210.53648376464844,-786.4067993164062,-769.1296997070312
41127,-227.48825073242188,-776.7098388671875,-769.1296997070312
41127,-244.5597686767578,-766.779541015625,-769.1296997070312
41122,-261.44512939453125,-757.0439453125,-769.1296997070312
43927,-293.60723876953125,-747.785888671875,-769.1296997070312
22400,-323.25762939453125,-739.177978515625,-769.1296997070312
22393,-341.30645751953125,-735.9451293945312,-769.1296997070312
34584,-441.30645751953125,-737.375244140625,-806.8505859375
45273,-427.61883544921875,-740.041015625,-806.8505859375
22414,-393.15850830078125,-768.2437133789062,-806.8505859375
22422,-390.64727783203125,-787.5874633789062,-806.8505859375
22393,-400.57061767578125,-792.1277465820312,-806.8505859375
22401,-414.32794189453125,-791.7921142578125,-806.8505859375
22382,-428.49053955078125,-790.5191040039062,-806.8505859375
22370,-441.94659423828125,-789.6051025390625,-806.8505859375
22366,-454.48956298828125,-789.2911987304688,-806.8505859375
22353,-466.20489501953125,-789.47412109375,-806.8505859375
22358,-477.27520751953125,-789.9837036132812,-806.8505859375
22353,-487.80450439453125,-790.6729736328125,-806.8505859375
22376,-497.92364501953125,-791.44775390625,-806.8505859375
22374,-507.66094970703125,-792.242919921875,-806.8505859375
22386,-517.0838012695312,-793.0305786132812,-806.8505859375
22381,-526.1907348632812,-793.7886352539062,-806.8505859375
22379,-535.0193481445312,-794.5131225585938,-806.8505859375
22364,-543.5838012695312,-795.19677734375,-806.8505859375
22368,-551.8806762695312,-795.841552734375,-806.8505859375
22367,-559.9089965820312,-796.450927734375,-806.8505859375
34575,-659.9089965820312,-797.0250244140625,-989.1832275390625
42802,-759.9089965820312,-797.5614013671875,-989.1832275390625
80330,-791.8465576171875,-825.32080078125,-989.1832275390625
41107,-782.7781372070312,-879.41845703125,-989.1832275390625
43793,-686.0359497070312,-938.6471557617188,-989.1832275390625
22375,-623.3455810546875,-990.3224487304688,-989.1832275390625
22359,-618.9290771484375,-1008.3796997070312,-989.1832275390625
22386,-634.0335693359375,-1003.7286987304688,-989.1832275390625
22358,-652.9925537109375,-994.3541870117188,-989.1832275390625
22351,-670.4710693359375,-986.3495483398438,-989.1832275390625
22350,-685.3680419921875,-980.9984130859375,-989.1832275390625
22351,-697.9588623046875,-977.9444580078125,-989.1832275390625
22355,-708.8568115234375,-976.4899291992188,-989.1832275390625
22360,-718.6082763671875,-976.0185546875,-989.1832275390625
22347,-727.5799560546875,-976.099365234375,-989.1832275390625
22321,-736.0262451171875,-976.4662475585938,-989.1832275390625
22353,-744.0645751953125,-976.9630737304688,-989.1832275390625
22326,-751.8123779296875,-977.5090942382812,-989.1832275390625
22320,-759.2689208984375,-978.0574951171875,-989.1832275390625
22328,-766.4803466796875,-978.5949096679688,-989.1832275390625
34469,-666.4803466796875,-979.1058349609375,-702.663818359375
74519,-566.4803466796875,-979.586669921875,-702.663818359375
70593,-581.6505737304688,-948.4138793945312,-702.663818359375
41091,-602.1666259765625,-886.7633056640625,-702.663818359375
41144,-620.8388671875,-830.0811157226562,-702.663818359375
41104,-637.282958984375,-780.3549194335938,-702.663818359375
43865,-662.515380859375,-737.3158569335938,-702.663818359375
22259,-762.102294921875,-700.5142822265625,-702.663818359375
22341,-785.0103759765625,-672.701171875,-702.663818359375
22327,-780.8726806640625,-675.8458251953125,-702.663818359375
22301,-770.1790771484375,-686.4152221679688,-702.663818359375
22302,-760.2254638671875,-696.1022338867188,-702.663818359375
22310,-752.7684326171875,-702.8862915039062,-702.663818359375
22266,-747.6483764648438,-706.9856567382812,-702.663818359375
22237,-744.2236938476562,-709.1583862304688,-702.663818359375
22237,-741.880615234375,-710.1140747070312,-702.663818359375
22266,-740.1951293945312,-710.3658447265625,-702.663818359375
22332,-738.86279296875,-710.2386474609375,-702.663818359375
22318,-737.72265625,-709.9275512695312,-702.663818359375
22300,-736.70556640625,-709.5342407226562,-702.663818359375
66601,-636.7056274414062,-709.1112670898438,-19.97088623046875
48262,-536.70556640625,-708.6897583007812,-19.97088623046875
72277,-436.70550537109375,-679.0055541992188,-19.97088623046875
42796,-336.70550537109375,-621.080810546875,-19.97088623046875
80381,-309.0564270019531,-536.1520385742188,-19.97088623046875
41073,-337.2451171875,-425.6457824707031,-19.97088623046875
41071,-361.45703125,-312.53961181640625,-19.97088623046875
41071,-381.1064453125,-214.31871032714844,-19.97088623046875
41077,-396.00531005859375,-130.16668701171875,-19.97088623046875
55959,-496.00531005859375,-58.96645736694336,-19.97088623046875
79864,-581.2513427734375,0.559380054473877,-19.97088623046875
41067,-570.8145751953125,23.21391487121582,-19.97088623046875
41095,-557.6875,14.316001892089844,-19.97088623046875
41066,-542.8524780273438,3.2455568313598633,-19.97088623046875
41060,-527.06201171875,-8.86710262298584,-19.97088623046875
41095,-510.8815612792969,-21.211660385131836,-19.97088623046875
43897,-488.7702331542969,-33.22861099243164,-19.97088623046875
22326,-449.1950378417969,-44.55208206176758,-19.97088623046875
22299,-427.0802917480469,-53.2026252746582,-19.97088623046875
22306,-412.3717956542969,-53.87544250488281,-19.97088623046875
66629,-512.3717651367188,-51.80592346191406,-702.2876586914062
48345,-612.371826171875,-49.148590087890625,-702.2876586914062
72268,-712.371826171875,-79.72744750976562,-702.2876586914062
80424,-766.9169311523438,-142.2802276611328,-702.2876586914062
41108,-728.6415405273438,-235.3080596923828,-702.2876586914062
41113,-693.8927612304688,-343.6678161621094,-702.2876586914062
41106,-663.4141235351562,-438.50799560546875,-702.2876586914062
41076,-637.5271606445312,-520.3673706054688,-702.2876586914062
41086,-616.2532958984375,-590.13330078125,-702.2876586914062
41147,-599.4085083007812,-648.8950805664062,-702.2876586914062
56073,-499.40850830078125,-697.8363037109375,-702.2876586914062
45317,-412.5234375,-738.1571044921875,-702.2876586914062
22417,-430.943359375,-745.2252197265625,-702.2876586914062
22398,-456.4169921875,-723.8155517578125,-702.2876586914062
22383,-478.62744140625,-706.0784912109375,-702.2876586914062
22370,-495.62158203125,-694.2359619140625,-702.2876586914062
22363,-508.18603515625,-687.3419189453125,-702.2876586914062
22386,-517.638916015625,-683.8485717773438,-702.2876586914062
22356,-525.113525390625,-682.4471435546875,-702.2876586914062
22384,-531.38720703125,-682.2316284179688,-702.2876586914062
66645,-431.38739013671875,-682.641845703125,815.6639404296875
48333,-331.3873291015625,-683.3549194335938,815.6639404296875
48340,-231.3872833251953,-652.9938354492188,815.6639404296875
48295,-131.38723754882812,-592.6926879882812,815.6639404296875
48303,-31.387191772460938,-503.8101806640625,815.6639404296875
48268,68.61285400390625,-387.9028625488281,815.6639404296875
72239,168.61288452148438,-246.6988525390625,815.6639404296875
80355,203.48101806640625,-82.07087707519531,815.6639404296875
41114,153.98289489746094,103.99020385742188,815.6639404296875
41098,112.79055786132812,290.1492919921875,815.6639404296875
41052,80.40441131591797,449.9956970214844,815.6639404296875
41058,56.76319122314453,585.4866333007812,815.6639404296875
41075,41.42656707763672,698.9300537109375,815.6639404296875
56067,-58.57343292236328,792.7806396484375,815.6639404296875
80200,-136.16380310058594,869.49462890625,815.6639404296875
41102,-118.8451156616211,904.1517333984375,815.6639404296875
41051,-97.32972717285156,904.519287109375,815.6639404296875
41057,-72.96360778808594,899.892333984375,815.6639404296875
41107,-46.808982849121094,892.0149536132812,815.6639404296875
41057,-19.69158172607422,882.2042846679688,815.6639404296875
41046,-16.72319793701172,871.432861328125,774.3237915039062
41061,12.341827392578125,860.3994140625,774.3237915039062
41036,40.85511779785156,842.3509521484375,774.3237915039062
41095,68.48816680908203,825.61376953125,774.3237915039062
41081,95.0295181274414,810.3925170898438,774.3237915039062
41072,120.35623931884766,796.7628784179688,774.3237915039062
41098,144.41156005859375,784.7096557617188,774.3237915039062
41124,167.18714904785156,774.15625,774.3237915039062
41104,188.70838928222656,764.9874877929688,774.3237915039062
41067,209.02337646484375,757.0667114257812,774.3237915039062
41119,228.1944580078125,750.2481079101562,774.3237915039062
43899,255.9688720703125,744.3857421875,774.3237915039062
22355,288.2491455078125,739.3397216796875,774.3237915039062
22346,306.4498291015625,737.8403930664062,774.3237915039062
22361,319.7672119140625,741.2969970703125,774.3237915039062
22382,331.8521728515625,745.5386352539062,774.3237915039062
22351,343.9078369140625,749.2115478515625,774.3237915039062
22382,356.1578369140625,752.0780639648438,774.3237915039062
22385,368.5225830078125,754.2659301757812,774.3237915039062
22383,380.8292236328125,755.9677124023438,774.3237915039062
66602,280.829345703125,757.3480834960938,-329.8385925292969
48304,180.8292999267578,758.5149536132812,-329.8385925292969
48364,80.82925415039062,726.3922729492188,-329.8385925292969
72335,-19.170799255371094,662.26025390625,-329.8385925292969
42842,-119.17081451416016,567.6351318359375,-329.8385925292969
80313,-123.97872924804688,444.24066162109375,-329.8385925292969
41110,-77.29055786132812,293.9790344238281,-329.8385925292969
41120,-36.6895751953125,147.0401611328125,-329.8385925292969
41127,-2.75225830078125,19.830575942993164,-329.8385925292969
41059,24.422340393066406,-88.91152954101562,-329.8385925292969
41067,45.064064025878906,-180.78302001953125,-329.8385925292969
43903,74.7251968383789,-257.5452880859375,-329.8385925292969
34602,174.72518920898438,-321.0013122558594,-329.8385925292969
80334,239.689208984375,-368.44439697265625,-329.8385925292969
41132,227.48037719726562,-379.2678527832031,-329.8385925292969
41125,212.63345336914062,-364.8857727050781,-329.8385925292969
41095,196.21524047851562,-349.08697509765625,-329.8385925292969
41116,179.02816772460938,-333.00537109375,-329.8385925292969
41074,161.66183471679688,-317.4218444824219,-329.8385925292969
43889,118.97824096679688,-302.8450012207031,-329.8385925292969
66637,218.97821044921875,-289.57720947265625,345.4195251464844
72323,318.978271484375,-285.3228759765625,345.4195251464844
42823,418.978271484375,-247.8365020751953,345.4195251464844
80345,439.59234619140625,-178.44708251953125,345.4195251464844
41119,400.6343688964844,-78.71566772460938,345.4195251464844
41083,365.52557373046875,26.12769889831543,345.4195251464844
41135,334.88861083984375,117.3595962524414,345.4195251464844
41096,308.954833984375,195.6479034423828,345.4195251464844
41112,287.6794738769531,261.9685363769531,345.4195251464844
43937,248.70291137695312,317.4683532714844,345.4195251464844
34628,148.70291137695312,363.3647766113281,345.4195251464844
45425,83.33865356445312,394.3333740234375,345.4195251464844
22363,108.77224731445312,392.5271911621094,345.4195251464844
22366,134.72293090820312,369.1406555175781,345.4195251464844
22355,155.31716918945312,351.8622741699219,345.4195251464844
22347,170.34646606445312,340.9034118652344,345.4195251464844
22336,181.15652465820312,334.67071533203125,345.4195251464844
22385,189.17117309570312,331.5041198730469,345.4195251464844
22335,195.48086547851562,330.1544189453125,345.4195251464844
22361,200.77200317382812,329.8074035644531,345.4195251464844
66650,300.77197265625,329.9817810058594,882.7071533203125
48367,400.77203369140625,330.4056701660156,882.7071533203125
72289,500.7720642089844,359.106689453125,882.7071533203125
79963,594.30615234375,415.1295471191406,882.7071533203125
41118,571.1262817382812,497.30963134765625,882.7071533203125
41114,550.7529907226562,602.3851928710938,882.7071533203125
41102,533.963134765625,694.4115600585938,882.7071533203125
41072,521.1149291992188,773.8610229492188,882.7071533203125
56077,421.11492919921875,841.55712890625,882.7071533203125
79770,338.2190856933594,898.5300903320312,882.7071533203125
41118,349.09075927734375,918.9661865234375,882.7071533203125
41094,362.3197021484375,908.880859375,882.7071533203125
41109,377.00238037109375,897.0623168945312,882.7071533203125
41122,392.451171875,884.5281982421875,882.7071533203125
43906,414.099609375,871.999755859375,882.7071533203125
22373,452.994140625,859.967041015625,882.7071533203125
22360,475.6171875,850.500244140625,882.7071533203125
22346,491.01513671875,848.8494262695312,882.7071533203125
22354,503.412109375,850.1429443359375,882.7071533203125
22349,514.6650390625,852.280517578125,882.7071533203125
66627,414.6651611328125,854.4545288085938,-416.3801574707031
48327,314.66510009765625,856.423828125,-416.3801574707031
48384,214.66505432128906,825.4052124023438,-416.3801574707031
48382,114.66500854492188,762.6506958007812,-416.3801574707031
72320,14.664962768554688,669.6472778320312,-416.3801574707031
42783,-85.33504486083984,548.088623046875,-416.3801574707031
80297,-70.0688705444336,399.8467102050781,-416.3801574707031
41121,-20.937156677246094,226.94334411621094,-416.3801574707031
41114,20.84253692626953,65.59320068359375,-416.3801574707031
41096,54.834190368652344,-73.15345001220703,-416.3801574707031
41082,81.08797454833984,-190.96408081054688,-416.3801574707031
41124,99.98258972167969,-289.81231689453125,-416.3801574707031
56098,199.9825897216797,-371.8014221191406,-416.3801574707031
79928,287.4503479003906,-439.0387268066406,-416.3801574707031
41172,275.89422607421875,-467.57415771484375,-416.3801574707031
41141,260.63189697265625,-462.119384765625,-416.3801574707031
41156,242.90383911132812,-453.1289367675781,-416.3801574707031
41124,223.67373657226562,-442.103515625,-416.3801574707031
41106,203.6774139404297,-430.1453552246094,-416.3801574707031
41101,183.46524047851562,-418.0407409667969,-416.3801574707031
77177,283.4652404785156,-406.3284912109375,-191.34165954589844
80261,268.560791015625,-395.3570861816406,-191.34165954589844
41131,240.482177734375,-349.8523254394531,-191.34165954589844
41106,214.0159454345703,-305.2613525390625,-191.34165954589844
41146,189.53424072265625,-266.0020751953125,-191.34165954589844
41091,167.2178955078125,-231.94041442871094,-191.34165954589844
41108,147.1099395751953,-202.77410888671875,-191.34165954589844
43912,110.45564270019531,-178.09825134277344,-191.34165954589844
22311,46.17146301269531,-157.45428466796875,-191.34165954589844
22288,27.024978637695312,-145.89356994628906,-191.34165954589844
22332,23.219070434570312,-151.52178955078125,-191.34165954589844
21613,22.741409301757812,-160.5645751953125,-191.34165954589844
22287,21.514602661132812,-168.3865203857422,-191.34165954589844
22312,18.697952270507812,-174.03598022460938,-191.34165954589844
22339,14.521926879882812,-177.81076049804688,-191.34165954589844
22319,9.448928833007812,-180.26527404785156,-191.34165954589844
22314,3.8920440673828125,-181.88172912597656,-191.34165954589844
22347,-1.8665008544921875,-182.99887084960938,-191.34165954589844
22305,-7.6567840576171875,-183.8271942138672,-191.34165954589844
22315,-13.373336791992188,-184.48898315429688,-191.34165954589844
34477,86.62666320800781,-185.052734375,-18.04831886291504
80284,132.30145263671875,-185.5530548095703,-18.04831886291504
41095,116.22638702392578,-154.79550170898438,-18.04831886291504
41113,101.13758850097656,-109.98686218261719,-18.04831886291504
41114,87.47459411621094,-70.18962097167969,-18.04831886291504
43941,20.982406616210938,-35.36225891113281,-18.04831886291504
22312,-27.749771118164062,-5.277974605560303,-18.04831886291504
22336,-36.61116027832031,4.299429893493652,-18.04831886291504
22295,-32.47029113769531,-0.9238525032997131,-18.04831886291504
22372,-25.992019653320312,-8.722443580627441,-18.04831886291504
22285,-20.660720825195312,-15.113341331481934,-18.04831886291504
22294,-17.1170654296875,-19.38547706604004,-18.04831886291504
22373,-15.064788818359375,-21.89701271057129,-18.04831886291504
22348,-14.032379150390625,-23.20283317565918,-18.04831886291504
21655,-13.62176513671875,-23.766956329345703,-18.04831886291504
21653,-13.561126708984375,-23.908666610717773,-18.04831886291504
21667,-13.6805419921875,-23.82497215270996,-18.04831886291504
21625,-13.8837890625,-23.6292781829834,-18.04831886291504
21646,-14.11944580078125,-23.382640838623047,-18.04831886291504
21632,-14.36163330078125,-23.11635398864746,-18.04831886291504
66576,-114.36161804199219,-22.84569549560547,-418.07928466796875
72293,-214.36166381835938,-22.577762603759766,-418.07928466796875
74553,-314.3616638183594,-51.80472183227539,-418.07928466796875
69012,-299.83868408203125,-109.49528503417969,-418.07928466796875
41120,-279.5350036621094,-194.40216064453125,-418.07928466796875
41087,-261.9517822265625,-271.2349548339844,-418.07928466796875
41127,-247.50137329101562,-337.8691711425781,-418.07928466796875
56064,-147.50137329101562,-394.85980224609375,-418.07928466796875
45268,-62.27714538574219,-442.9712219238281,-418.07928466796875
22352,-70.54960632324219,-456.8262634277344,-418.07928466796875
22388,-93.29765319824219,-441.6832580566406,-418.07928466796875
22372,-116.18827819824219,-426.1879577636719,-418.07928466796875
22396,-135.2454071044922,-414.8702087402344,-418.07928466796875
22366,-150.3303680419922,-407.8592224121094,-418.07928466796875
22366,-162.3821258544922,-404.06103515625,-418.07928466796875
22330,-172.3787078857422,-402.3360900878906,-418.07928466796875
22347,-181.0676727294922,-401.8300476074219,-418.07928466796875
22359,-188.9241180419922,-401.9862365722656,-418.07928466796875
22376,-196.2522430419922,-402.47503662109375,-418.07928466796875
22390,-203.2146453857422,-403.1104431152344,-418.07928466796875
66603,-103.21479797363281,-403.7978515625,930.754638671875
48276,-3.214752197265625,-404.490478515625,930.754638671875
48312,96.78529357910156,-373.6319274902344,930.754638671875
48274,196.78533935546875,-312.38897705078125,930.754638671875
48325,296.785400390625,-222.15524291992188,930.754638671875
72227,396.7854309082031,-104.52429962158203,930.754638671875
80365,462.02838134765625,38.73739242553711,930.754638671875
40980,412.52734375,205.71766662597656,930.754638671875
41109,370.243408203125,384.1118469238281,930.754638671875
41054,335.8777160644531,538.2407836914062,930.754638671875
41067,309.54876708984375,669.6760864257812,930.754638671875
41073,290.9743957519531,780.3952026367188,930.754638671875
56071,190.97439575195312,872.5731811523438,930.754638671875
79979,105.52342224121094,948.4325561523438,930.754638671875
41082,118.7054672241211,983.9393920898438,930.754638671875
41091,135.97872924804688,984.429931640625,930.754638671875
41101,156.0575714111328,980.2649536132812,930.754638671875
41080,177.92813110351562,973.0930786132812,930.754638671875
41082,200.80322265625,964.15576171875,930.754638671875
41066,224.08273315429688,954.3668212890625,930.754638671875
77280,124.08273315429688,944.3798217773438,580.0535278320312
80480,71.31539916992188,934.64453125,580.0535278320312
41108,108.07843780517578,889.0263061523438,580.0535278320312
41081,143.02304077148438,823.0488891601562,580.0535278320312
41142,175.4820098876953,764.4902954101562,580.0535278320312
41099,205.09361267089844,713.3053588867188,580.0535278320312
41127,231.71884155273438,669.165283203125,580.0535278320312
41081,255.37652587890625,631.5609741210938,580.0535278320312
41124,276.1928405761719,599.880859375,580.0535278320312
43905,303.6361999511719,573.46826171875,580.0535278320312
22293,380.0004577636719,551.662109375,580.0535278320312
22270,401.0566101074219,536.56640625,580.0535278320312
22330,403.2796936035156,542.663330078125,580.0535278320312
22345,401.4330139160156,553.0517578125,580.0535278320312
21628,400.5074768066406,562.0182495117188,580.0535278320312
22345,401.5926818847656,568.3773193359375,580.0535278320312
22348,404.3797912597656,572.4735107421875,580.0535278320312
22326,408.3111877441406,574.9841918945312,580.0535278320312
22329,412.9015197753906,576.4910278320312,580.0535278320312
22298,417.8094787597656,577.403076171875,580.0535278320312
66556,317.80963134765625,577.97900390625,-673.1356811523438
48281,217.80958557128906,578.3712768554688,-673.1356811523438
48351,117.80953979492188,547.6246948242188,-673.1356811523438
48314,17.809494018554688,486.88092041015625,-673.1356811523438
48317,-82.1905517578125,397.5061950683594,-673.1356811523438
72267,-182.19056701660156,281.0648498535156,-673.1356811523438
80376,-202.59234619140625,139.29251098632812,-673.1356811523438
40992,-158.23580932617188,-25.930532455444336,-673.1356811523438
41098,-120.82139587402344,-189.07766723632812,-673.1356811523438
41113,-90.87846374511719,-329.74359130859375,-673.1356811523438
41111,-68.42908477783203,-449.49517822265625,-673.1356811523438
41096,-53.14910125732422,-550.2347412109375,-673.1356811523438
56089,46.85089874267578,-634.0171508789062,-673.1356811523438
79956,127.2575912475586,-702.9188232421875,-673.1356811523438
41042,112.46218872070312,-731.9476928710938,-673.1356811523438
41071,94.05597686767578,-727.9660034179688,-673.1356811523438
41082,73.26482391357422,-720.2957153320312,-673.1356811523438
41074,51.04254913330078,-710.4368896484375,-673.1356811523438
41102,28.119178771972656,-699.4959716796875,-673.1356811523438
41068,5.041755676269531,-688.266845703125,-673.1356811523438
109194,105.04164123535156,-677.2978515625,564.8883056640625
48232,205.04168701171875,-666.9480590820312,564.8883056640625
48288,305.041748046875,-621.1251831054688,564.8883056640625
72298,405.04180908203125,-541.36962890625,564.8883056640625
42812,505.04180908203125,-429.4611511230469,564.8883056640625
80366,482.02996826171875,-287.3876037597656,564.8883056640625
41167,424.468017578125,-117.31376647949219,564.8883056640625
41074,374.1627197265625,42.08918380737305,564.8883056640625
41043,331.63116455078125,179.46096801757812,564.8883056640625
41047,296.88873291015625,296.33917236328125,564.8883056640625
41060,269.60888671875,394.5937194824219,564.8883056640625
41148,249.24530029296875,476.24627685546875,564.8883056640625
56040,149.24530029296875,543.3407592773438,564.8883056640625
79899,57.079322814941406,597.8540649414062,564.8883056640625
41111,65.5394058227539,616.2530517578125,564.8883056640625
41075,77.20692443847656,601.8082885742188,564.8883056640625
41036,90.8946304321289,585.4227294921875,564.8883056640625
41076,105.7015609741211,568.3984985351562,564.8883056640625
43896,143.65469360351562,551.6480712890625,564.8883056640625
22346,177.06924438476562,535.7816162109375,564.8883056640625
66609,77.06925964355469,527.8869018554688,43.779144287109375
72228,-22.930770874023438,526.6026611328125,43.779144287109375
80084,-115.36492156982422,492.444580078125,43.779144287109375
41084,-80.99534606933594,426.6884460449219,43.779144287109375
41180,-49.16706848144531,333.0787658691406,43.779144287109375
41112,-20.686111450195312,250.73085021972656,43.779144287109375
41043,4.042938232421875,179.3695831298828,43.779144287109375
41106,24.905006408691406,118.36644744873047,43.779144287109375
43837,58.680397033691406,66.87699890136719,43.779144287109375
34515,158.68038940429688,23.94332504272461,43.779144287109375
45339,216.29354858398438,-6.497101306915283,43.779144287109375
22328,197.71005249023438,-4.973765850067139,43.779144287109375
22327,177.12167358398438,15.077804565429688,43.779144287109375
22304,160.62265014648438,30.4199275970459,43.779144287109375
22314,148.79672241210938,40.40523147583008,43.779144287109375
22311,140.61679077148438,46.25794982910156,43.779144287109375
22304,134.87411499023438,49.38329315185547,43.779144287109375
22308,130.62814331054688,50.872825622558594,43.779144287109375
22322,127.25570678710938,51.44845962524414,43.779144287109375
22308,124.38327026367188,51.544551849365234,43.779144287109375
34557,24.383270263671875,51.405128479003906,-140.07186889648438
74589,-75.61672973632812,51.16035079956055,-140.07186889648438
68971,-66.01590728759766,22.080955505371094,-140.07186889648438
41140,-54.735679626464844,-34.84163284301758,-140.07186889648438
43903,-5.872398376464844,-86.00682830810547,-140.07186889648438
22274,80.25260162353516,-130.66421508789062,-140.07186889648438
22354,96.82218170166016,-157.54112243652344,-140.07186889648438
22314,88.68497467041016,-155.92433166503906,-140.07186889648438
22350,74.48575592041016,-147.21348571777344,-140.07186889648438
22332,60.893470764160156,-139.048583984375,-140.07186889648438
22375,49.590003967285156,-133.3477783203125,-140.07186889648438
22329,40.477210998535156,-129.98118591308594,-140.07186889648438
22290,33.001380920410156,-128.30076599121094,-140.07186889648438
22291,26.628822326660156,-127.68669128417969,-140.07186889648438
22265,20.963050842285156,-127.68733215332031,-140.07186889648438
22309,15.749427795410156,-128.01327514648438,-140.07186889648438
22279,10.840248107910156,-128.4952850341797,-140.07186889648438
22298,6.147865295410156,-129.0408935546875,-140.07186889648438
22306,1.6288223266601562,-129.6016845703125,-140.07186889648438
22284,-2.7411727905273438,-130.15484619140625,-140.07186889648438
66567,97.2587890625,-130.68975830078125,487.4596252441406
48293,197.2588348388672,-131.2020263671875,487.4596252441406
72254,297.25885009765625,-100.87970733642578,487.4596252441406
80374,379.34832763671875,-40.842735290527344,487.4596252441406
41039,347.5504455566406,47.56600570678711,487.4596252441406
41073,318.96441650390625,157.51251220703125,487.4596252441406
41042,294.3889465332031,253.80841064453125,487.4596252441406
41075,274.1863708496094,336.9558410644531,487.4596252441406
41079,258.40765380859375,407.8224182128906,487.4596252441406
56086,158.40765380859375,467.49029541015625,487.4596252441406
79914,70.08321380615234,517.144775390625,487.4596252441406
41064,78.39588165283203,531.8394165039062,487.4596252441406
41087,89.01021575927734,515.9490356445312,487.4596252441406
43872,113.33736419677734,499.1172180175781,487.4596252441406
22347,146.79244995117188,482.3230285644531,487.4596252441406
22313,168.51412963867188,469.8834533691406,487.4596252441406
22325,183.71871948242188,464.59954833984375,487.4596252441406
22312,195.45358276367188,462.9620361328125,487.4596252441406
22310,205.37619018554688,463.0586853027344,487.4596252441406
22328,214.34371948242188,463.909423828125,487.4596252441406
66921,114.34378051757812,465.0401916503906,-298.4925842285156
48336,14.343734741210938,466.2376708984375,-298.4925842285156
72338,-85.65631103515625,435.3636169433594,-298.4925842285156
42862,-185.65631103515625,373.6153564453125,-298.4925842285156
80442,-192.9234619140625,282.41986083984375,-298.4925842285156
41138,-155.52468872070312,163.40670776367188,-298.4925842285156
41114,-122.63690185546875,45.791080474853516,-298.4925842285156
41099,-94.83758544921875,-56.23546600341797,-298.4925842285156
41112,-72.2944564819336,-143.56204223632812,-298.4925842285156
41120,-54.88964080810547,-217.3830108642578,-298.4925842285156
56035,45.11035919189453,-279.0530090332031,-298.4925842285156
79950,135.17483520507812,-329.98187255859375,-298.4925842285156
41122,127.1212387084961,-345.71807861328125,-298.4925842285156
41114,116.4999008178711,-330.12554931640625,-298.4925842285156
43901,102.5819320678711,-313.3092346191406,-298.4925842285156
22363,62.218650817871094,-296.3405456542969,-298.4925842285156
22306,37.022361755371094,-280.47039794921875,-298.4925842285156
22358,20.079490661621094,-273.74066162109375,-298.4925842285156
22317,7.430076599121094,-271.592529296875,-298.4925842285156
22346,-3.0459976196289062,-271.584716796875,-298.4925842285156
35045,96.09777069091797,-272.4879150390625,-209.82289123535156
41130,80.11589050292969,-273.72052001953125,-209.82289123535156
41109,64.6854019165039,-242.9505157470703,-209.82289123535156
43936,25.112159729003906,-215.40846252441406,-209.82289123535156
22351,-31.009422302246094,-191.1654815673828,-209.82289123535156
22270,-49.374900817871094,-177.55055236816406,-209.82289123535156
22342,-54.062034606933594,-179.35206604003906,-209.82289123535156
22336,-55.130760192871094,-185.03872680664062,-209.82289123535156
22341,-56.200828552246094,-190.4640350341797,-209.82289123535156
22336,-58.217308044433594,-194.56649780273438,-209.82289123535156
22333,-61.149925231933594,-197.39413452148438,-209.82289123535156
22355,-64.7190170288086,-199.28387451171875,-209.82289123535156
22334,-68.6523666381836,-200.56239318847656,-209.82289123535156
22335,-72.7446517944336,-201.4694366455078,-209.82289123535156
22362,-76.8672103881836,-202.16014099121094,-209.82289123535156
22324,-80.9470443725586,-202.7255096435547,-209.82289123535156
22337,-84.9465560913086,-203.2160186767578,-209.82289123535156
22352,-88.8414535522461,-203.6586151123047,-209.82289123535156
22325,-92.6307601928711,-204.06761169433594,-209.82289123535156
22367,-96.3076400756836,-204.4488525390625,-209.82289123535156
66637,3.692291259765625,-204.80685424804688,595.2533569335938
48318,103.69233703613281,-205.14297485351562,595.2533569335938
48369,203.6923828125,-174.84510803222656,595.2533569335938
72248,303.6924133300781,-115.021240234375,595.2533569335938
80379,362.351318359375,-27.001216888427734,595.2533569335938
41005,326.8172302246094,87.68913269042969,595.2533569335938
41073,295.6401062011719,215.13417053222656,595.2533569335938
41065,269.55096435546875,326.08154296875,595.2533569335938
41092,248.81651306152344,421.359375,595.2533569335938
41107,233.37716674804688,502.1577453613281,595.2533569335938
56063,133.37716674804688,569.8661499023438,595.2533569335938
79894,47.958885192871094,625.9542846679688,595.2533569335938
41110,58.53136444091797,645.4099731445312,595.2533569335938
41078,71.82926940917969,633.518310546875,595.2533569335938
41097,86.81918334960938,619.765625,595.2533569335938
41089,102.71578216552734,605.3018188476562,595.2533569335938
41119,118.93452453613281,590.9376220703125,595.2533569335938
43891,154.4218292236328,577.219970703125,595.2533569335938
22365,187.8808135986328,564.4935913085938,595.2533569335938
22349,206.8949737548828,558.6771240234375,595.2533569335938
34571,306.89495849609375,559.1690673828125,634.4873046875
45270,296.36785888671875,561.6520385742188,634.4873046875
22394,257.4539794921875,590.1090698242188,634.4873046875
22376,252.5047607421875,611.0505981445312,634.4873046875
22370,260.8934326171875,616.2183227539062,634.4873046875
22339,273.4696044921875,616.1428833007812,634.4873046875
22379,286.5863037109375,615.0249633789062,634.4873046875
22342,299.0423583984375,614.2552490234375,634.4873046875
22346,310.5965576171875,614.1026611328125,634.4873046875
22339,321.3636474609375,614.464599609375,634.4873046875
22348,331.4954833984375,615.161865234375,634.4873046875
22341,341.1131591796875,616.0475463867188,634.4873046875
22339,350.3441162109375,617.0187377929688,634.4873046875
22333,359.2308349609375,618.0072631835938,634.4873046875
22362,367.8270263671875,618.9815673828125,634.4873046875
22362,376.1512451171875,619.9207153320312,634.4873046875
22359,384.2169189453125,620.8180541992188,634.4873046875
22361,392.0372314453125,621.670166015625,634.4873046875
22356,399.6226806640625,622.475830078125,634.4873046875
22355,406.9810791015625,623.2355346679688,634.4873046875
65482,306.9810791015625,623.9511108398438,544.5046997070312
69025,318.9350280761719,624.6245727539062,544.5046997070312
41111,332.4226379394531,593.5891723632812,544.5046997070312
43874,367.4118957519531,565.1151123046875,544.5046997070312
22259,424.7566223144531,539.8986206054688,544.5046997070312
22233,442.5110168457031,524.4810180664062,544.5046997070312
22300,445.8646545410156,525.3886108398438,544.5046997070312
21605,445.3422546386719,530.515380859375,544.5046997070312
21604,444.7878112792969,535.4815063476562,544.5046997070312
21606,445.2309265136719,539.1348876953125,544.5046997070312
22307,446.6419372558594,541.5020141601562,544.5046997070312
22308,448.7436218261719,542.9244384765625,544.5046997070312
22340,451.2638854980469,543.7335815429688,544.5046997070312
22332,453.9776306152344,544.1753540039062,544.5046997070312
22324,456.7731628417969,544.4108276367188,544.5046997070312
22325,459.5588073730469,544.5314331054688,544.5046997070312
22339,462.2867126464844,544.5932006835938,544.5046997070312
22339,464.9590759277344,544.6231079101562,544.5046997070312
22343,467.5398864746094,544.6326293945312,544.5046997070312
22343,470.0518493652344,544.6329956054688,544.5046997070312
34534,370.0518493652344,544.62353515625,334.35198974609375
79812,282.2862243652344,544.6095581054688,334.35198974609375
41133,298.1063232421875,514.3143920898438,334.35198974609375
41071,312.9238586425781,458.44183349609375,334.35198974609375
41079,326.1620788574219,408.79095458984375,334.35198974609375
43823,390.5028991699219,365.3380432128906,334.35198974609375
22263,456.1899108886719,327.8204040527344,334.35198974609375
22321,467.1103210449219,311.49005126953125,334.35198974609375
22360,459.6232604980469,316.2933349609375,334.35198974609375
22349,448.3945007324219,325.40155029296875,334.35198974609375
22340,438.3727722167969,333.1405334472656,334.35198974609375
22342,430.6320495605469,338.3363037109375,334.35198974609375
22327,424.8591003417969,341.33453369140625,334.35198974609375
22327,420.4799499511719,342.8111267089844,334.35198974609375
22321,417.0131530761719,343.34698486328125,334.35198974609375
22305,414.0862121582031,343.3476867675781,334.35198974609375
22315,411.4792785644531,343.07159423828125,334.35198974609375
22329,409.0834045410156,342.66351318359375,334.35198974609375
22317,406.8004455566406,342.20123291015625,334.35198974609375
22313,404.6202697753906,341.72955322265625,334.35198974609375
66566,304.62042236328125,341.2637023925781,-908.1900634765625
48291,204.62037658691406,340.8160705566406,-908.1900634765625
48328,104.62033081054688,311.4543762207031,-908.1900634765625
48293,4.6202850341796875,254.17730712890625,-908.1900634765625
48307,-95.3797607421875,170.1962127685547,-908.1900634765625
72245,-195.37979125976562,60.91087341308594,-908.1900634765625
75335,-295.3797912597656,-72.11507415771484,-908.1900634765625
69023,-254.30096435546875,-227.1787872314453,-908.1900634765625
41119,-218.86941528320312,-402.462890625,-908.1900634765625
41100,-190.81610107421875,-554.3582763671875,-908.1900634765625
41067,-170.328125,-684.0248413085938,-908.1900634765625
43861,-142.109375,-793.3369750976562,-908.1900634765625
34535,-42.109375,-884.3840942382812,-908.1900634765625
80340,15.889968872070312,-954.8630981445312,-908.1900634765625
41121,-1.6071090698242188,-983.7967529296875,-908.1900634765625
41065,-22.840599060058594,-984.7691650390625,-908.1900634765625
41049,-46.59962463378906,-981.1526489257812,-908.1900634765625
41036,-71.92809295654297,-974.523681640625,-908.1900634765625
41073,-98.08223724365234,-966.074462890625,-908.1900634765625
41103,-124.49449157714844,-956.6871337890625,-908.1900634765625
77228,-24.494491577148438,-946.9971923828125,-608.3916015625
80370,-8.002471923828125,-937.4461059570312,-608.3916015625
41043,-45.41053771972656,-891.0084228515625,-608.3916015625
41075,-80.99354553222656,-833.996826171875,-608.3916015625
41113,-114.20397186279297,-783.3524780273438,-608.3916015625
41104,-144.75160217285156,-739.0189208984375,-608.3916015625
41094,-172.5334930419922,-700.7024536132812,-608.3916015625
41133,-197.57937622070312,-667.9591064453125,-608.3916015625
41133,-220.00840759277344,-640.2606811523438,-608.3916015625
41110,-239.99664306640625,-617.0426635742188,-608.3916015625
43936,-265.67828369140625,-597.7386474609375,-608.3916015625
22349,-327.94586181640625,-581.803955078125,-608.3916015625
22329,-347.67608642578125,-571.0736694335938,-608.3916015625
22327,-352.97027587890625,-576.4122924804688,-608.3916015625
22365,-355.16192626953125,-584.8624267578125,-608.3916015625
22382,-358.04400634765625,-592.085205078125,-608.3916015625
22381,-362.39801025390625,-597.21630859375,-608.3916015625
22379,-367.99761962890625,-600.5531005859375,-608.3916015625
22381,-374.39556884765625,-602.6307373046875,-608.3916015625
22373,-381.18365478515625,-603.9129028320312,-608.3916015625
34552,-281.18365478515625,-604.7236328125,-210.0307159423828
42927,-181.18362426757812,-605.260009765625,-210.0307159423828
80403,-136.527587890625,-574.0330810546875,-210.0307159423828
41134,-161.37405395507812,-512.2257080078125,-210.0307159423828
41127,-184.20352172851562,-437.6074523925781,-210.0307159423828
41087,-204.41265869140625,-371.7591552734375,-210.0307159423828
41061,-221.70367431640625,-314.4534606933594,-210.0307159423828
41080,-235.99911499023438,-265.1954650878906,-210.0307159423828
56056,-335.9991149902344,-223.32760620117188,-210.0307159423828
45283,-381.8388977050781,-188.1077880859375,-210.0307159423828
22376,-377.5151672363281,-184.96241760253906,-210.0307159423828
22357,-362.7998352050781,-197.01470947265625,-210.0307159423828
22339,-348.2392883300781,-208.87948608398438,-210.0307159423828
22326,-336.6855773925781,-217.33900451660156,-210.0307159423828
22355,-328.1351623535156,-222.41258239746094,-210.0307159423828
22324,-321.8417053222656,-224.99578857421875,-210.0307159423828
22320,-317.0215148925781,-225.9842987060547,-210.0307159423828
22357,-313.1035461425781,-226.04559326171875,-210.0307159423828
22354,-309.7297058105469,-225.6075439453125,-210.0307159423828
22342,-306.6659851074219,-224.92340087890625,-210.0307159423828
66591,-406.66595458984375,-224.13697814941406,-771.8333129882812
48357,-506.666015625,-223.32083129882812,-771.8333129882812
72224,-606.666015625,-252.91943359375,-771.8333129882812
80532,-664.21630859375,-311.8443298339844,-771.8333129882812
41130,-635.3208618164062,-398.7860412597656,-771.8333129882812
41141,-609.5291748046875,-499.6919250488281,-771.8333129882812
41113,-587.5376586914062,-587.7758178710938,-771.8333129882812
41115,-569.6475830078125,-663.5674438476562,-771.8333129882812
43890,-509.9190673828125,-727.9207763671875,-771.8333129882812
34630,-409.9190673828125,-781.876953125,-771.8333129882812
57646,-377.44061279296875,-812.9776611328125,-771.8333129882812
41133,-386.400146484375,-809.7692260742188,-771.8333129882812
43936,-404.145263671875,-793.2696533203125,-771.8333129882812
22407,-437.779052734375,-776.3466796875,-771.8333129882812
22389,-460.637939453125,-761.872802734375,-771.8333129882812
22382,-476.886474609375,-754.7144775390625,-771.8333129882812
22414,-489.276611328125,-751.6563110351562,-771.8333129882812
22410,-499.51416015625,-750.7568359375,-771.8333129882812
22357,-508.55810546875,-750.916259765625,-771.8333129882812
22381,-516.9013671875,-751.5551147460938,-771.8333129882812
66618,-416.90142822265625,-752.3858642578125,97.02293395996094
48366,-316.9013671875,-753.269775390625,97.02293395996094
48358,-216.9013214111328,-722.2510375976562,97.02293395996094
72306,-116.90129852294922,-660.5184326171875,97.02293395996094
80409,-55.66289138793945,-569.4895629882812,97.02293395996094
41053,-96.21792602539062,-450.783447265625,97.02293395996094
41032,-132.1461181640625,-317.65087890625,97.02293395996094
41050,-162.67559814453125,-201.71829223632812,97.02293395996094
41066,-187.52194213867188,-102.13397979736328,97.02293395996094
41083,-206.74386596679688,-17.66425132751465,97.02293395996094
43816,-285.2233581542969,53.13572311401367,97.02293395996094
34554,-385.2233581542969,111.79696655273438,97.02293395996094
57680,-393.91229248046875,140.75515747070312,97.02293395996094
41082,-383.0318603515625,134.33692932128906,97.02293395996094
41094,-370.1214599609375,120.68549346923828,97.02293395996094
41060,-356.04046630859375,106.05472564697266,97.02293395996094
43881,-328.65179443359375,91.34909057617188,97.02293395996094
22312,-293.00140380859375,77.18677520751953,97.02293395996094
22325,-271.76849365234375,67.74366760253906,97.02293395996094
22322,-257.21624755859375,65.544189453125,97.02293395996094
34573,-357.21624755859375,66.27191925048828,-243.03475952148438
42776,-457.21624755859375,67.98050689697266,-243.03475952148438
80271,-452.3856201171875,36.87691879272461,-243.03475952148438
41058,-426.6162414550781,-25.79615592956543,-243.03475952148438
41102,-402.9385070800781,-87.57538604736328,-243.03475952148438
41090,-381.7901611328125,-141.67758178710938,-243.03475952148438
41081,-363.3639831542969,-188.39349365234375,-243.03475952148438
43885,-322.8483581542969,-228.21827697753906,-243.03475952148438
22311,-235.54562377929688,-261.7665710449219,-243.03475952148438
22344,-216.64169311523438,-282.37042236328125,-243.03475952148438
22335,-221.09237670898438,-276.3611755371094,-243.03475952148438
22289,-230.57675170898438,-264.7182312011719,-243.03475952148438
22243,-238.84970092773438,-254.6026611328125,-243.03475952148438
22230,-244.53347778320312,-247.5546875,-243.03475952148438
22228,-247.93252563476562,-243.19790649414062,-243.03475952148438
22284,-249.73333740234375,-240.7327423095703,-243.03475952148438
21579,-250.5325927734375,-239.45272827148438,-243.03475952148438
21580,-250.753662109375,-238.86178588867188,-243.03475952148438
21573,-250.67984008789062,-238.6469268798828,-243.03475952148438
21578,-250.44989013671875,-238.62521362304688,-243.03475952148438
34514,-350.44989013671875,-238.70054626464844,-410.1798400878906
80321,-424.82830810546875,-238.8197021484375,-410.1798400878906
41138,-411.984375,-268.6036682128906,-410.1798400878906
41145,-400.04632568359375,-319.4324035644531,-410.1798400878906
43942,-355.00823974609375,-364.5266418457031,-410.1798400878906
22299,-276.17327880859375,-403.9263000488281,-410.1798400878906
22399,-259.49761962890625,-427.6810607910156,-410.1798400878906
22395,-264.91119384765625,-426.0448913574219,-410.1798400878906
22389,-275.76251220703125,-418.1214294433594,-410.1798400878906
22359,-286.10870361328125,-410.72125244140625,-410.1798400878906
22355,-294.45465087890625,-405.5455627441406,-410.1798400878906
22356,-300.88507080078125,-402.47088623046875,-410.1798400878906
22383,-305.90557861328125,-400.91375732421875,-410.1798400878906
22382,-309.99505615234375,-400.315673828125,-410.1798400878906
22349,-313.49224853515625,-400.27215576171875,-410.1798400878906
22358,-316.64593505859375,-400.52484130859375,-410.1798400878906
22356,-319.57208251953125,-400.9186096191406,-410.1798400878906
22309,-322.35113525390625,-401.373779296875,-410.1798400878906
22304,-325.01300048828125,-401.8457336425781,-410.1798400878906
22329,-327.60052490234375,-402.3137512207031,-410.1798400878906
66642,-227.60057067871094,-402.7658996582031,206.83660888671875
48370,-127.60052490234375,-403.2025146484375,206.83660888671875
72238,-27.600494384765625,-373.3215637207031,206.83660888671875
80048,62.762115478515625,-314.2085876464844,206.83660888671875
41073,32.142738342285156,-227.16941833496094,206.83660888671875
41106,4.68280029296875,-116.5533676147461,206.83660888671875
41067,-18.80206298828125,-19.69089126586914,206.83660888671875
41063,-37.93842315673828,63.91654968261719,206.83660888671875
41080,-52.668617248535156,135.1387481689453,206.83660888671875
56099,-152.66860961914062,195.0638885498047,206.83660888671875
79914,-238.86251831054688,244.8855438232422,206.83660888671875
41093,-229.5438232421875,259.3612060546875,206.83660888671875
41128,-217.94110107421875,243.5200653076172,206.83660888671875
41148,-204.99781799316406,226.67788696289062,206.83660888671875
43912,-178.62867736816406,209.82179260253906,206.83660888671875
22404,-140.66188049316406,193.62486267089844,206.83660888671875
22357,-119.38893127441406,182.29983520507812,206.83660888671875
22327,-105.73951721191406,179.35670471191406,206.83660888671875
22325,-95.34400939941406,179.76954650878906,206.83660888671875
22356,-86.24440002441406,181.2917938232422,206.83660888671875
66589,-186.244384765625,183.0146026611328,-356.9517517089844
72265,-286.24444580078125,184.62738037109375,-356.9517517089844
42819,-386.24444580078125,153.96038818359375,-356.9517517089844
80348,-395.365966796875,92.22106170654297,-356.9517517089844
41109,-363.62030029296875,0.8478976488113403,-356.9517517089844
41107,-335.10443115234375,-91.65428924560547,-356.9517517089844
41115,-310.3821105957031,-172.3312225341797,-356.9517517089844
41124,-289.6719970703125,-241.73599243164062,-356.9517517089844
41128,-272.9488830566406,-300.6967468261719,-356.9517517089844
56129,-172.94888305664062,-350.19610595703125,-356.9517517089844
45397,-94.48419189453125,-391.2827453613281,-356.9517517089844
22421,-105.54425048828125,-399.2701110839844,-356.9517517089844
22430,-127.42510986328125,-381.4041442871094,-356.9517517089844
22392,-147.92169189453125,-365.06536865234375,-356.9517517089844
22385,-164.06427001953125,-353.6290283203125,-356.9517517089844
22358,-176.14459228515625,-346.7236022949219,-356.9517517089844
22350,-185.26373291015625,-343.06396484375,-356.9517517089844
22377,-192.43780517578125,-341.45233154296875,-356.9517517089844
22372,-198.42608642578125,-341.0269775390625,-356.9517517089844
22370,-203.70721435546875,-341.23638916015625,-356.9517517089844
66664,-103.70726776123047,-341.7606506347656,337.5967102050781
48342,-3.7072219848632812,-342.4254150390625,337.5967102050781
72297,96.29281616210938,-312.1472473144531,337.5967102050781
42824,196.29281616210938,-252.0519256591797,337.5967102050781
80334,183.63311767578125,-163.48890686035156,337.5967102050781
41093,151.721923828125,-48.00510025024414,337.5967102050781
41095,124.0438232421875,59.38053512573242,337.5967102050781
41043,101.07655334472656,152.2848663330078,337.5967102050781
41082,82.93374633789062,231.59205627441406,337.5967102050781
43822,1.186676025390625,298.4488830566406,337.5967102050781
34504,-98.81332397460938,354.1353759765625,337.5967102050781
57605,-103.85431671142578,379.7852478027344,337.5967102050781
41107,-93.81642150878906,370.7108459472656,337.5967102050781
41048,-82.005126953125,356.1214904785156,337.5967102050781
43922,-51.647705078125,340.8880615234375,337.5967102050781
22291,-22.313232421875,325.8173522949219,337.5967102050781
22296,-2.627197265625,316.6426696777344,337.5967102050781
22283,11.833740234375,313.10162353515625,337.5967102050781
22305,23.551513671875,312.3330078125,337.5967102050781
